{"cameraMode":{"drawMode":0,"name":"Shaded","section":"Shading Mode"},"sceneLighting":false,"audioPlay":false,"sceneViewState":{"showFog":true,"showMaterialUpdate":true,"showSkybox":true,"showFlares":true,"showImageEffects":true,"showParticleSystems":true},"in2DMode":false,"pivot":{"x":-0.0016388371586799622,"y":0.001596124842762947,"z":0.0},"rotation":{"x":0.12887294590473176,"y":-0.809878945350647,"z":0.19381719827651978,"w":0.5385100841522217},"size":0.21626697480678559,"orthographic":false}