{"cameraMode":{"drawMode":0,"name":"Shaded","section":"Shading Mode"},"sceneLighting":true,"audioPlay":false,"sceneViewState":{"showFog":true,"showMaterialUpdate":true,"showSkybox":true,"showFlares":true,"showImageEffects":true,"showParticleSystems":true},"in2DMode":false,"pivot":{"x":13.726624488830567,"y":47.45286560058594,"z":-181.98248291015626},"rotation":{"x":-0.3175061345100403,"y":0.009394548833370209,"z":-0.003135954262688756,"w":-0.9482507109642029},"size":4.281692028045654,"orthographic":false}