{"cameraMode":{"drawMode":0,"name":"Shaded","section":"Shading Mode"},"sceneLighting":false,"audioPlay":false,"sceneViewState":{"showFog":true,"showMaterialUpdate":true,"showSkybox":true,"showFlares":true,"showImageEffects":true,"showParticleSystems":true},"in2DMode":false,"pivot":{"x":-0.0004644840955734253,"y":0.042744655162096027,"z":9.313225746154786e-10},"rotation":{"x":0.10915658622980118,"y":-0.7450206875801086,"z":0.12588904798030854,"w":0.6459517478942871},"size":0.2594424784183502,"orthographic":false}