{"cameraMode":{"drawMode":0,"name":"Shaded","section":"Shading Mode"},"sceneLighting":true,"audioPlay":false,"sceneViewState":{"showFog":true,"showMaterialUpdate":true,"showSkybox":true,"showFlares":true,"showImageEffects":true,"showParticleSystems":true},"in2DMode":false,"pivot":{"x":11.993640899658204,"y":46.187862396240237,"z":-187.75181579589845},"rotation":{"x":0.04536867141723633,"y":-0.7956056594848633,"z":0.6011898517608643,"w":0.06001181900501251},"size":6.943226337432861,"orthographic":false}