{"cameraMode":{"drawMode":0,"name":"Shaded","section":"Shading Mode"},"sceneLighting":false,"audioPlay":false,"sceneViewState":{"showFog":true,"showMaterialUpdate":true,"showSkybox":true,"showFlares":true,"showImageEffects":true,"showParticleSystems":true},"in2DMode":false,"pivot":{"x":0.3247540295124054,"y":-0.18847310543060304,"z":0.3166705071926117},"rotation":{"x":0.19044116139411927,"y":0.4316408336162567,"z":-0.09376129508018494,"w":0.876714825630188},"size":0.9158727526664734,"orthographic":false}