{"cameraMode":{"drawMode":0,"name":"Shaded","section":"Shading Mode"},"sceneLighting":false,"audioPlay":false,"sceneViewState":{"showFog":true,"showMaterialUpdate":true,"showSkybox":true,"showFlares":true,"showImageEffects":true,"showParticleSystems":true},"in2DMode":false,"pivot":{"x":0.0,"y":0.10750001668930054,"z":-1.1175870895385743e-8},"rotation":{"x":0.10926342010498047,"y":-0.7623150944709778,"z":0.13352490961551667,"w":0.6237967610359192},"size":0.40086856484413149,"orthographic":false}