{"cameraMode":{"drawMode":0,"name":"Shaded","section":"Shading Mode"},"sceneLighting":false,"audioPlay":false,"sceneViewState":{"showFog":true,"showMaterialUpdate":true,"showSkybox":true,"showFlares":true,"showImageEffects":true,"showParticleSystems":true},"in2DMode":false,"pivot":{"x":0.011811021715402604,"y":0.6094489097595215,"z":-7.264316082000733e-8},"rotation":{"x":0.2262984812259674,"y":-0.7005434632301331,"z":0.25246837735176089,"w":0.6279343962669373},"size":0.043226901441812518,"orthographic":false}