{"cameraMode":{"drawMode":0,"name":"Shaded","section":"Shading Mode"},"sceneLighting":false,"audioPlay":false,"sceneViewState":{"showFog":true,"showMaterialUpdate":true,"showSkybox":true,"showFlares":true,"showImageEffects":true,"showParticleSystems":true},"in2DMode":false,"pivot":{"x":-275.95068359375,"y":3002.049072265625,"z":-52.76678466796875},"rotation":{"x":0.1848611682653427,"y":-0.5503003597259522,"z":0.12647104263305665,"w":0.8043736815452576},"size":2482.257080078125,"orthographic":false}