{"cameraMode":{"drawMode":0,"name":"Shaded","section":"Shading Mode"},"sceneLighting":false,"audioPlay":false,"sceneViewState":{"showFog":true,"showMaterialUpdate":true,"showSkybox":true,"showFlares":true,"showImageEffects":true,"showParticleSystems":true},"in2DMode":false,"pivot":{"x":-0.054038695991039279,"y":-0.026818545535206796,"z":0.029644956812262536},"rotation":{"x":0.3018147945404053,"y":-0.4876268804073334,"z":0.18438002467155457,"w":0.7982070446014404},"size":0.2203543335199356,"orthographic":false}