{"cameraMode":{"drawMode":0,"name":"Shaded","section":"Shading Mode"},"sceneLighting":false,"audioPlay":false,"sceneViewState":{"showFog":true,"showMaterialUpdate":true,"showSkybox":true,"showFlares":true,"showImageEffects":true,"showParticleSystems":true},"in2DMode":false,"pivot":{"x":0.43429064750671389,"y":-0.3844057321548462,"z":-0.19558323919773103},"rotation":{"x":0.20072774589061738,"y":0.7294604778289795,"z":-0.24084267020225526,"w":0.6079555749893189},"size":0.8243198394775391,"orthographic":false}