{"cameraMode":{"drawMode":0,"name":"Shaded","section":"Shading Mode"},"sceneLighting":false,"audioPlay":false,"sceneViewState":{"showFog":true,"showMaterialUpdate":true,"showSkybox":true,"showFlares":true,"showImageEffects":true,"showParticleSystems":true},"in2DMode":false,"pivot":{"x":0.06955860555171967,"y":538.2025756835938,"z":0.34498167037963869},"rotation":{"x":0.0028461767360568048,"y":0.9931362867355347,"z":-0.11461306363344193,"w":0.02444363944232464},"size":7.159878730773926,"orthographic":false}