{"cameraMode":{"drawMode":0,"name":"Shaded","section":"Shading Mode"},"sceneLighting":false,"audioPlay":false,"sceneViewState":{"showFog":true,"showMaterialUpdate":true,"showSkybox":true,"showFlares":true,"showImageEffects":true,"showParticleSystems":true},"in2DMode":false,"pivot":{"x":11.833782196044922,"y":49.110862731933597,"z":-187.15638732910157},"rotation":{"x":0.0926000252366066,"y":0.6761693954467773,"z":-0.08627153933048248,"w":0.7258175015449524},"size":3.29453182220459,"orthographic":false}