{"cameraMode":{"drawMode":0,"name":"Shaded","section":"Shading Mode"},"sceneLighting":false,"audioPlay":false,"sceneViewState":{"showFog":true,"showMaterialUpdate":true,"showSkybox":true,"showFlares":true,"showImageEffects":true,"showParticleSystems":true},"in2DMode":false,"pivot":{"x":2502.94482421875,"y":1489.9097900390625,"z":-4.84716796875},"rotation":{"x":-0.10028588026762009,"y":-0.21492236852645875,"z":0.022238995879888536,"w":-0.9712686538696289},"size":1012.4124145507813,"orthographic":false}