{"cameraMode":{"drawMode":0,"name":"Shaded","section":"Shading Mode"},"sceneLighting":false,"audioPlay":false,"sceneViewState":{"showFog":true,"showMaterialUpdate":true,"showSkybox":true,"showFlares":true,"showImageEffects":true,"showParticleSystems":true},"in2DMode":false,"pivot":{"x":0.45230984687805178,"y":0.7045795917510986,"z":-0.6917219161987305},"rotation":{"x":0.18924297392368318,"y":-0.7750040888786316,"z":0.2727653682231903,"w":0.5377734303474426},"size":0.0787057876586914,"orthographic":false}