{"cameraMode":{"drawMode":0,"name":"Shaded","section":"Shading Mode"},"sceneLighting":false,"audioPlay":false,"sceneViewState":{"showFog":true,"showMaterialUpdate":true,"showSkybox":true,"showFlares":true,"showImageEffects":true,"showParticleSystems":true},"in2DMode":false,"pivot":{"x":-0.023253463208675386,"y":-0.006369840819388628,"z":0.015201052650809288},"rotation":{"x":0.001105432864278555,"y":-0.9987902641296387,"z":0.026374416425824167,"w":0.041672855615615848},"size":0.4393593668937683,"orthographic":false}