{"cameraMode":{"drawMode":0,"name":"Shaded","section":"Shading Mode"},"sceneLighting":false,"audioPlay":false,"sceneViewState":{"showFog":true,"showMaterialUpdate":true,"showSkybox":true,"showFlares":true,"showImageEffects":true,"showParticleSystems":true},"in2DMode":false,"pivot":{"x":-0.7445849180221558,"y":0.2751786708831787,"z":-0.9936081171035767},"rotation":{"x":0.0754491463303566,"y":-0.9167167544364929,"z":0.20778705179691316,"w":0.33285948634147646},"size":3.5205910205841066,"orthographic":false}