{"cameraMode":{"drawMode":0,"name":"Shaded","section":"Shading Mode"},"sceneLighting":false,"audioPlay":false,"sceneViewState":{"showFog":true,"showMaterialUpdate":true,"showSkybox":true,"showFlares":true,"showImageEffects":true,"showParticleSystems":true},"in2DMode":false,"pivot":{"x":13.250904083251954,"y":47.26128387451172,"z":-184.46446228027345},"rotation":{"x":0.20877300202846528,"y":0.20937563478946687,"z":-0.04580887034535408,"w":0.9542031288146973},"size":0.3773616552352905,"orthographic":false}