{"cameraMode":{"drawMode":0,"name":"Shaded","section":"Shading Mode"},"sceneLighting":false,"audioPlay":false,"sceneViewState":{"showFog":true,"showMaterialUpdate":false,"showSkybox":true,"showFlares":true,"showImageEffects":true,"showParticleSystems":true},"in2DMode":false,"pivot":{"x":0.0,"y":0.10750001668930054,"z":-1.1175870895385743e-8},"rotation":{"x":-0.12178985029459,"y":0.8765510320663452,"z":-0.29907283186912539,"w":-0.3569294512271881},"size":0.40086856484413149,"orthographic":false}