{"cameraMode":{"drawMode":0,"name":"Shaded","section":"Shading Mode"},"sceneLighting":true,"audioPlay":false,"sceneViewState":{"showFog":true,"showMaterialUpdate":false,"showSkybox":true,"showFlares":true,"showImageEffects":true,"showParticleSystems":true},"in2DMode":false,"pivot":{"x":-105.15516662597656,"y":52.66572189331055,"z":-71.78302001953125},"rotation":{"x":0.042198263108730319,"y":0.9553841352462769,"z":-0.2342877835035324,"w":0.17615759372711183},"size":21.13241958618164,"orthographic":false}