{"cameraMode":{"drawMode":0,"name":"Shaded","section":"Shading Mode"},"sceneLighting":false,"audioPlay":false,"sceneViewState":{"showFog":true,"showMaterialUpdate":false,"showSkybox":true,"showFlares":true,"showImageEffects":true,"showParticleSystems":true},"in2DMode":false,"pivot":{"x":-0.1347179114818573,"y":-0.10706810653209686,"z":-0.008348589763045311},"rotation":{"x":0.026092424988746644,"y":0.9738680720329285,"z":-0.15497452020645142,"w":0.16396556794643403},"size":1.275840163230896,"orthographic":false}