{"cameraMode":{"drawMode":0,"name":"Shaded","section":"Shading Mode"},"sceneLighting":false,"audioPlay":false,"sceneViewState":{"showFog":true,"showMaterialUpdate":false,"showSkybox":true,"showFlares":true,"showImageEffects":true,"showParticleSystems":true},"in2DMode":false,"pivot":{"x":166.19223022460938,"y":-8.875186920166016,"z":10.298282623291016},"rotation":{"x":0.11513280123472214,"y":0.7619655132293701,"z":-0.14140184223651887,"w":0.6219823956489563},"size":310.8682861328125,"orthographic":false}