{"cameraMode":{"drawMode":0,"name":"Shaded","section":"Shading Mode"},"sceneLighting":false,"audioPlay":false,"sceneViewState":{"showFog":true,"showMaterialUpdate":false,"showSkybox":true,"showFlares":true,"showImageEffects":true,"showParticleSystems":true},"in2DMode":false,"pivot":{"x":93.56120300292969,"y":53.83582305908203,"z":21.886676788330079},"rotation":{"x":-0.3373973071575165,"y":-0.37106239795684817,"z":0.14712560176849366,"w":-0.8529453873634338},"size":0.28663256764411929,"orthographic":false}