{"cameraMode":{"drawMode":0,"name":"Shaded","section":"Shading Mode"},"sceneLighting":false,"audioPlay":false,"sceneViewState":{"showFog":true,"showMaterialUpdate":false,"showSkybox":true,"showFlares":true,"showImageEffects":true,"showParticleSystems":true},"in2DMode":false,"pivot":{"x":-0.5989823341369629,"y":2.67680025100708,"z":0.49381208419799807},"rotation":{"x":0.10743106156587601,"y":0.8926466107368469,"z":-0.30904898047447207,"w":0.3102259337902069},"size":12.845290184020996,"orthographic":false}