{"cameraMode":{"drawMode":0,"name":"Shaded","section":"Shading Mode"},"sceneLighting":false,"audioPlay":false,"sceneViewState":{"showFog":true,"showMaterialUpdate":false,"showSkybox":true,"showFlares":true,"showImageEffects":true,"showParticleSystems":true},"in2DMode":false,"pivot":{"x":-112.58763885498047,"y":56.52763748168945,"z":-63.307640075683597},"rotation":{"x":0.23305819928646089,"y":-0.7605000734329224,"z":0.3676278293132782,"w":0.4820074141025543},"size":4.5006022453308109,"orthographic":false}