{"cameraMode":{"drawMode":0,"name":"Shaded","section":"Shading Mode"},"sceneLighting":false,"audioPlay":false,"sceneViewState":{"showFog":true,"showMaterialUpdate":false,"showSkybox":true,"showFlares":true,"showImageEffects":true,"showParticleSystems":true},"in2DMode":false,"pivot":{"x":13.864011764526368,"y":47.83722686767578,"z":-187.72177124023438},"rotation":{"x":-0.04394199699163437,"y":0.469414085149765,"z":-0.02341187186539173,"w":-0.8815858960151672},"size":2.1973557472229006,"orthographic":false}