{"cameraMode":{"drawMode":0,"name":"Shaded","section":"Shading Mode"},"sceneLighting":false,"audioPlay":false,"sceneViewState":{"showFog":true,"showMaterialUpdate":false,"showSkybox":true,"showFlares":true,"showImageEffects":true,"showParticleSystems":true},"in2DMode":false,"pivot":{"x":0.00011458992958068848,"y":0.2598479986190796,"z":-0.0000998377799987793},"rotation":{"x":0.026092424988746644,"y":0.9738680720329285,"z":-0.15497452020645142,"w":0.16396556794643403},"size":2.9137701988220217,"orthographic":false}