{"cameraMode":{"drawMode":0,"name":"Shaded","section":"Shading Mode"},"sceneLighting":false,"audioPlay":false,"sceneViewState":{"showFog":true,"showMaterialUpdate":false,"showSkybox":true,"showFlares":true,"showImageEffects":true,"showParticleSystems":true},"in2DMode":false,"pivot":{"x":-1.3402268886566163,"y":-0.15321174263954163,"z":0.08005751669406891},"rotation":{"x":0.03680340200662613,"y":-0.6408756971359253,"z":0.030785568058490754,"w":0.7661445140838623},"size":1.544524908065796,"orthographic":false}