{"cameraMode":{"drawMode":0,"name":"Shaded","section":"Shading Mode"},"sceneLighting":false,"audioPlay":false,"sceneViewState":{"showFog":true,"showMaterialUpdate":false,"showSkybox":true,"showFlares":true,"showImageEffects":true,"showParticleSystems":true},"in2DMode":false,"pivot":{"x":0.02405005693435669,"y":0.4136000871658325,"z":-0.02095070481300354},"rotation":{"x":0.026092424988746644,"y":0.9738680720329285,"z":-0.15497452020645142,"w":0.16396556794643403},"size":2.361766815185547,"orthographic":false}