{"cameraMode":{"drawMode":0,"name":"Shaded","section":"Shading Mode"},"sceneLighting":false,"audioPlay":false,"sceneViewState":{"showFog":true,"showMaterialUpdate":false,"showSkybox":true,"showFlares":true,"showImageEffects":true,"showParticleSystems":true},"in2DMode":false,"pivot":{"x":34.908348083496097,"y":52.059574127197269,"z":89.64936065673828},"rotation":{"x":0.34521493315696719,"y":0.3762085437774658,"z":-0.15356485545635224,"w":0.8464183807373047},"size":477.2038879394531,"orthographic":false}