{"cameraMode":{"drawMode":0,"name":"Shaded","section":"Shading Mode"},"sceneLighting":false,"audioPlay":false,"sceneViewState":{"showFog":true,"showMaterialUpdate":false,"showSkybox":true,"showFlares":true,"showImageEffects":true,"showParticleSystems":true},"in2DMode":false,"pivot":{"x":0.3552934527397156,"y":172.39419555664063,"z":62.91123962402344},"rotation":{"x":0.04803202673792839,"y":-0.5754693150520325,"z":0.033876582980155948,"w":0.8157437443733215},"size":5.9054484367370609,"orthographic":false}