{"cameraMode":{"drawMode":0,"name":"Shaded","section":"Shading Mode"},"sceneLighting":false,"audioPlay":false,"sceneViewState":{"showFog":true,"showMaterialUpdate":false,"showSkybox":true,"showFlares":true,"showImageEffects":true,"showParticleSystems":true},"in2DMode":false,"pivot":{"x":-0.0009971577674150468,"y":0.49716824293136599,"z":-0.056252218782901767},"rotation":{"x":0.05727608501911163,"y":0.8338354229927063,"z":-0.5419154167175293,"w":0.08812952786684036},"size":0.2183169722557068,"orthographic":false}