{"cameraMode":{"drawMode":0,"name":"Shaded","section":"Shading Mode"},"sceneLighting":false,"audioPlay":false,"sceneViewState":{"showFog":true,"showMaterialUpdate":false,"showSkybox":true,"showFlares":true,"showImageEffects":true,"showParticleSystems":true},"in2DMode":false,"pivot":{"x":0.37448278069496157,"y":-0.021433759480714799,"z":0.13376763463020326},"rotation":{"x":0.01596156693994999,"y":0.8110696077346802,"z":-0.0221555195748806,"w":0.5843124985694885},"size":0.4393593668937683,"orthographic":false}