{"cameraMode":{"drawMode":0,"name":"Shaded","section":"Shading Mode"},"sceneLighting":false,"audioPlay":false,"sceneViewState":{"showFog":true,"showMaterialUpdate":false,"showSkybox":true,"showFlares":true,"showImageEffects":true,"showParticleSystems":true},"in2DMode":false,"pivot":{"x":-0.539311945438385,"y":-1.30385160446167e-8,"z":0.6995344161987305},"rotation":{"x":0.031448427587747577,"y":0.9611814022064209,"z":-0.12352169305086136,"w":0.24471424520015717},"size":4.208138465881348,"orthographic":false}