{"cameraMode":{"drawMode":0,"name":"Shaded","section":"Shading Mode"},"sceneLighting":false,"audioPlay":false,"sceneViewState":{"showFog":true,"showMaterialUpdate":false,"showSkybox":true,"showFlares":true,"showImageEffects":true,"showParticleSystems":true},"in2DMode":false,"pivot":{"x":-97.84644317626953,"y":62.61223602294922,"z":-60.29420471191406},"rotation":{"x":0.06574831157922745,"y":0.31394949555397036,"z":-0.021765539422631265,"w":0.9469743967056274},"size":19.62253761291504,"orthographic":false}