{"cameraMode":{"drawMode":0,"name":"Shaded","section":"Shading Mode"},"sceneLighting":false,"audioPlay":false,"sceneViewState":{"showFog":true,"showMaterialUpdate":false,"showSkybox":true,"showFlares":true,"showImageEffects":true,"showParticleSystems":true},"in2DMode":false,"pivot":{"x":-0.000015228986740112305,"y":0.15157485008239747,"z":-0.0000011622905731201172},"rotation":{"x":0.031448427587747577,"y":0.9611814022064209,"z":-0.12352169305086136,"w":0.24471424520015717},"size":2.614764451980591,"orthographic":false}