{"cameraMode":{"drawMode":0,"name":"Shaded","section":"Shading Mode"},"sceneLighting":false,"audioPlay":false,"sceneViewState":{"showFog":true,"showMaterialUpdate":false,"showSkybox":true,"showFlares":true,"showImageEffects":true,"showParticleSystems":true},"in2DMode":false,"pivot":{"x":-2.9568121433258058,"y":-5.412259101867676,"z":4.794829368591309},"rotation":{"x":-0.3507063388824463,"y":0.24736066162586213,"z":-0.09661875665187836,"w":-0.8980566263198853},"size":10.786267280578614,"orthographic":false}