{"cameraMode":{"drawMode":0,"name":"Shaded","section":"Shading Mode"},"sceneLighting":false,"audioPlay":false,"sceneViewState":{"showFog":true,"showMaterialUpdate":false,"showSkybox":true,"showFlares":true,"showImageEffects":true,"showParticleSystems":true},"in2DMode":false,"pivot":{"x":-0.07111556828022003,"y":0.0,"z":-0.08163625001907349},"rotation":{"x":0.026092424988746644,"y":0.9738680720329285,"z":-0.15497452020645142,"w":0.16396556794643403},"size":0.875415563583374,"orthographic":false}