{"cameraMode":{"drawMode":0,"name":"Shaded","section":"Shading Mode"},"sceneLighting":false,"audioPlay":false,"sceneViewState":{"showFog":true,"showMaterialUpdate":false,"showSkybox":true,"showFlares":true,"showImageEffects":true,"showParticleSystems":true},"in2DMode":false,"pivot":{"x":-0.026610344648361207,"y":0.14193490147590638,"z":0.023181021213531495},"rotation":{"x":0.031448427587747577,"y":0.9611814022064209,"z":-0.12352169305086136,"w":0.24471424520015717},"size":0.7733196020126343,"orthographic":false}