{"cameraMode":{"drawMode":0,"name":"Shaded","section":"Shading Mode"},"sceneLighting":false,"audioPlay":false,"sceneViewState":{"showFog":true,"showMaterialUpdate":false,"showSkybox":true,"showFlares":true,"showImageEffects":true,"showParticleSystems":true},"in2DMode":false,"pivot":{"x":-0.994354248046875,"y":0.26555919647216799,"z":0.33635902404785159},"rotation":{"x":-0.4100603461265564,"y":0.3416367173194885,"z":-0.16890493035316468,"w":-0.8290451169013977},"size":19.82234001159668,"orthographic":false}