{"cameraMode":{"drawMode":0,"name":"Shaded","section":"Shading Mode"},"sceneLighting":false,"audioPlay":false,"sceneViewState":{"showFog":true,"showMaterialUpdate":false,"showSkybox":true,"showFlares":true,"showImageEffects":true,"showParticleSystems":true},"in2DMode":false,"pivot":{"x":161.41732788085938,"y":-0.00006103515625,"z":25.590551376342775},"rotation":{"x":0.0694524422287941,"y":0.7988921403884888,"z":-0.09425432980060578,"w":0.5905666947364807},"size":158.7425079345703,"orthographic":false}