{"cameraMode":{"drawMode":0,"name":"Shaded","section":"Shading Mode"},"sceneLighting":false,"audioPlay":false,"sceneViewState":{"showFog":true,"showMaterialUpdate":false,"showSkybox":true,"showFlares":true,"showImageEffects":true,"showParticleSystems":true},"in2DMode":false,"pivot":{"x":0.603286623954773,"y":-0.18751955032348634,"z":-0.6260954141616821},"rotation":{"x":0.031448427587747577,"y":0.9611814022064209,"z":-0.12352169305086136,"w":0.24471424520015717},"size":4.0129523277282719,"orthographic":false}