{"cameraMode":{"drawMode":0,"name":"Shaded","section":"Shading Mode"},"sceneLighting":false,"audioPlay":false,"sceneViewState":{"showFog":true,"showMaterialUpdate":false,"showSkybox":true,"showFlares":true,"showImageEffects":true,"showParticleSystems":true},"in2DMode":false,"pivot":{"x":0.029574602842330934,"y":-0.0070189423859119419,"z":-0.013294500298798085},"rotation":{"x":0.03347419574856758,"y":0.9081110954284668,"z":-0.07400143891572952,"w":0.4107780158519745},"size":0.2381891906261444,"orthographic":false}