{"cameraMode":{"drawMode":0,"name":"Shaded","section":"Shading Mode"},"sceneLighting":false,"audioPlay":false,"sceneViewState":{"showFog":true,"showMaterialUpdate":false,"showSkybox":true,"showFlares":true,"showImageEffects":true,"showParticleSystems":true},"in2DMode":false,"pivot":{"x":2.7863569259643556,"y":171.84417724609376,"z":63.099769592285159},"rotation":{"x":0.31322938203811648,"y":0.12123797088861466,"z":-0.040353924036026,"w":0.9410737752914429},"size":5.259242057800293,"orthographic":false}